Workbook

Sheet Inputs
A1: Input | B1: Value | C1: Status | D1: Where it comes from
A2: price_in_usd_per_m | B2: 0.15 | C2: verify | D2: config.MODEL_PRICES_USD_PER_M openai/gpt-oss-120b; upper bound (fast nodes use gpt-oss-20b)
A3: price_out_usd_per_m | B3: 0.6 | C3: verify | D3: same table as price_in_usd_per_m
A4: usd_inr | B4: 88 | C4: verify | D4: config.USD_INR
A5: turns_per_dau_per_day | B5: 5 | C5: assumed | D5: no real users yet; equals the free trial's 5 messages a day. Measure after beta
A6: peak_hour_share | B6: 0.25 | C6: assumed | D6: a quarter of a day's turns in the busiest hour (market open)
A7: llm_keys | B7: 1 | C7: assumed | D7: operator's Groq trial keys in .env (up to 5, rotated)
A8: llm_requests_per_key_per_day | B8: 14400 | C8: verify | D8: 14,400 is the figure CLAUDE.md states for the old default model; check Groq's current limit for gpt-oss-120b/20b before relying on it
A9: trial_tokens_per_user_per_day | B9: 60000 | C9: measured | D9: config.TRIAL_DAILY_TOKENS (the per-user cap, SEC-12)
A10: process_turns_per_second | B10: 2.4 | C10: measured | D10: docs/load/2026-10-17-local.md: one process saturated its core at about 2.4 turns/s on a laptop
A11: replicas | B11: 1 | C11: assumed | D11: app processes; `docker compose up --scale app=N`
A12: db_limit_mb | B12: 512 | C12: verify | D12: config.DB_SIZE_LIMIT_MB; Neon free tier is 0.5 GB per PRD
A13: db_baseline_mb | B13: 15 | C13: measured | D13: migrated database with the screener snapshot and instrument data, before any chats
... A15: horizon_months | B15: 6 | C15: assumed | D15: how long the free database must last before an upgrade
A17: Per kind of question | B17: Mix | C17: calls/turn | D17: tokens in | E17: tokens out | F17: status / source
A18: equity | B18: 0.6 | C18: 4.5 | D18: 3309 | E18: 700 | F18: calls and tokens in measured; tokens out assumed
A19: mf | B19: 0.15 | C19: 4.5 | D19: 1297 | E19: 450 | F19: calls and tokens in measured; tokens out assumed
A20: screener | B20: 0.1 | C20: 4.5 | D20: 1754 | E20: 350 | F20: calls and tokens in measured; tokens out assumed
A21: alert | B21: 0.1 | C21: 4.6 | D21: 1479 | E21: 200 | F21: calls and tokens in measured; tokens out assumed
A22: report | B22: 0.05 | C22: 4.5 | D22: 2329 | E22: 1500 | F22: calls and tokens in measured; tokens out assumed

Sheet Model
A1: Cost per turn | B1: calls | C1: tokens in | D1: tokens out | E1: cost (INR)
A2: equity | B2: =Inputs!C18 | C2: =Inputs!D18 | D2: =Inputs!E18 | E2: =(C2*Inputs!$B$2+D2*Inputs!$B$3)/1000000*Inputs!$B$4
A3: mf | B3: =Inputs!C19 | C3: =Inputs!D19 | D3: =Inputs!E19 | E3: =(C3*Inputs!$B$2+D3*Inputs!$B$3)/1000000*Inputs!$B$4
A4: screener | B4: =Inputs!C20 | C4: =Inputs!D20 | D4: =Inputs!E20 | E4: =(C4*Inputs!$B$2+D4*Inputs!$B$3)/1000000*Inputs!$B$4
A5: alert | B5: =Inputs!C21 | C5: =Inputs!D21 | D5: =Inputs!E21 | E5: =(C5*Inputs!$B$2+D5*Inputs!$B$3)/1000000*Inputs!$B$4
A6: report | B6: =Inputs!C22 | C6: =Inputs!D22 | D6: =Inputs!E22 | E6: =(C6*Inputs!$B$2+D6*Inputs!$B$3)/1000000*Inputs!$B$4
A7: Weighted by the mix | B7: =SUMPRODUCT(Inputs!B18:B22,Inputs!C18:C22) | C7: =SUMPRODUCT(Inputs!B18:B22,Inputs!D18:D22) | D7: =SUMPRODUCT(Inputs!B18:B22,Inputs!E18:E22) | E7: =SUMPRODUCT(Inputs!B18:B22,E2:E6)
A9: Limit | B9: DAU at which it is reached | C9: What lifts it
A10: Database size lasting the horizon | B10: =(Inputs!$B$12-Inputs!$B$13)*1048576/(Inputs!$B$15*Inputs!$B$5*30*Inputs!$B$14) | C10: A paid Neon plan, or archive old chats
A11: LLM requests per day on the trial keys | B11: =Inputs!$B$7*Inputs!$B$8/(Inputs!$B$5*B7) | C11: More trial keys, then a paid LLM tier
A12: App CPU (replicas x turns/s, peak hour) | B12: =Inputs!$B$10*Inputs!$B$11*3600/Inputs!$B$6/Inputs!$B$5 | C12: More replicas (compose --scale app=N)
A14: First limit to be hit (DAU) | B14: =MIN(B10:B12)
A15: Second | B15: =SMALL(B10:B12,2)
A16: Third | B16: =LARGE(B10:B12,1)
A18: Trial token cap, turns per user per day | B18: =Inputs!$B$9/(C7+D7)
